01-02-2018,product1,1200,mastercard,carolina,basildin,England,UnitedKingdom
01-02-2018,product1,1200,mastercard,carolina,basildin,England,UnitedStates
01-02-2018,product1,1200,mastercard,carolina,basildin,England,UnitedKingdom
01-02-2018,product1,1200,mastercard,carolina,basildin,England,Austrelia
01-02-2018,product1,1200,mastercard,carolina,basildin,England,India
01-02-2018,product1,1200,mastercard,carolina,basildin,England,India
01-02-2018,product1,1200,mastercard,carolina,basildin,England,Africa
01-02-2018,product1,1200,mastercard,carolina,basildin,England,Africa
01-02-2018,product1,1200,mastercard,carolina,basildin,England,India
01-02-2018,product1,1200,mastercard,carolina,basildin,England,India
01-02-2018,product1,1200,mastercard,carolina,basildin,England,India
01-02-2018,product1,1200,mastercard,carolina,basildin,England,Africa
01-02-2018,product1,1200,mastercard,carolina,basildin,England,Africa
01-02-2018,product1,1200,mastercard,carolina,basildin,England,India
01-02-2018,product1,1200,mastercard,carolina,basildin,England,UnitedKingdom
